index,Hint,theta_u,Sparsity,Size,Topography,Classification
31,2.2105,0.57368,0,0.1448,0.87981,S
33,2.2105,0.5947399999999999,0,0.12043,0.60029,S
44,2.4211,0.57368,0,0.1756,0.86993,S
45,2.6316,0.57368,0,0.2004,0.9671,S
46,2.4211,0.5947399999999999,0,0.1428,0.9456100000000001,S
47,2.6316,0.5947399999999999,0,0.1644,0.98034,S
48,2.4211,0.61579,0,0.12,0.96911,S
49,2.6316,0.61579,0,0.1404,0.79693,S
58,2.8421,0.57368,0,0.22,0.77544,S
59,3.0526,0.57368,0,0.2304,0.87472,S
60,2.8421,0.5947399999999999,0,0.1832,0.9086799999999999,S
61,3.0526,0.5947399999999999,0,0.2008,0.8567899999999999,S
62,2.8421,0.61579,0,0.1596,0.92624,S
63,3.0526,0.61579,0,0.174,0.9021600000000001,S
64,2.8421,0.63684,0,0.1252,0.98187,S
65,3.0526,0.63684,0,0.1456,0.97285,S
67,3.0526,0.65789,0,0.12,0.9693,S
72,3.2632,0.57368,0,0.2408,0.9336200000000001,S
73,3.4737,0.57368,0,0.2588,0.7759199999999999,S
74,3.2632,0.5947399999999999,0,0.2184,0.92748,S
75,3.4737,0.5947399999999999,0,0.2212,0.9651799999999999,S
76,3.2632,0.61579,0,0.1848,0.78062,S
77,3.4737,0.61579,0,0.1984,0.94724,S
78,3.2632,0.63684,0,0.1588,0.82034,S
79,3.4737,0.63684,0,0.1716,0.9787100000000001,S
80,3.2632,0.65789,0,0.1324,0.9724700000000001,S
81,3.4737,0.65789,0,0.14,0.7299800000000001,S
83,3.4737,0.67895,0,0.12,0.9391799999999999,S
86,3.4127,0.51117,0,0.3456,0.79089,S
87,3.5833,0.49095,0,0.3916,0.66484,S
88,3.3853,0.6663,0,0.13152,0.93922,S
89,4.2131,0.68908,0,0.13187000000000001,0.9301,S
90,3.2175,0.57471,0,0.2356,0.85103,S
93,3.7308,0.5503,0,0.2976,0.96288,S
94,2.7418,0.46553999999999995,0,0.3796,0.97305,S
96,4.3199,0.43877,0,0.5436,0.85487,S
97,2.0135,0.43613999999999997,0,0.3424,0.77717,S
99,4.8873,0.6691,0,0.16552999999999998,0.8694299999999999,S
102,2.6367,0.49795,0,0.3124,0.61554,S
103,4.5149,0.47563,0,0.4528,0.8839299999999999,S
104,4.4646,0.45411,0,0.5012,0.61132,S
105,2.5477,0.55005,0,0.222,0.84115,S
106,4.9649,0.6016600000000001,0,0.2624,0.97391,S
107,3.5582,0.41713999999999996,0,0.5708,0.83645,S
108,2.8306,0.49537,0,0.3344,0.5625899999999999,S
109,4.7786,0.48591999999999996,0,0.4412,0.8448,S
113,3.7506,0.42058,0,0.5752,0.5784199999999999,S
114,3.5843,0.50888,0,0.3616,0.57065,S
115,2.5386,0.4794,0,0.3384,0.47856000000000004,S
116,3.8749,0.49415,0,0.4012,0.9534799999999999,S
117,4.6635,0.44504,0,0.5428,0.73564,S
118,4.5892,0.40648,0,0.8624,0.74753,S
119,4.3255,0.52695,0,0.3548,0.52681,S
123,4.8817,0.49444,0,0.4272,0.9061899999999999,S
124,3.6683,0.4279,0,0.5372,0.93966,S
125,2.3329,0.44725,0,0.37,0.5986600000000001,S
126,2.6364,0.43951999999999997,0,0.4208,0.8588,S
128,2.7053,0.61717,0,0.14,0.64935,S
130,4.5481,0.5888399999999999,0,0.2712,0.8541,S
131,4.9904,0.56238,0,0.3156,0.55252,S
133,4.8257,0.67801,0,0.15209,0.9001600000000001,S
134,4.032,0.64877,0,0.1698,0.97851,S
138,2.9096,0.52405,0,0.2896,0.9105,S
140,3.1178,0.57317,0,0.2312,0.44728999999999997,S
142,2.3779,0.60188,0,0.13267,0.98141,S
144,3.2535,0.60085,0,0.2,0.8321299999999999,S
145,3.7375,0.46724,0,0.4424,0.9458,S
147,4.0213,0.5618,0,0.2932,0.72537,S
149,2.7007,0.56489,0,0.22,0.9767899999999999,S
151,2.3832,0.5748300000000001,0,0.162,0.97429,S
152,2.2372,0.4061,0,0.4456,0.5999,S
154,2.3219,0.53166,0,0.2284,0.77659,S
155,2.6060000000000003,0.44301999999999997,0,0.4092,0.8983200000000001,S
156,4.9947,0.5766,0,0.3,0.81794,S
157,4.3518,0.5857600000000001,0,0.2704,0.63827,S
158,3.8241,0.57107,0,0.2688,0.8521799999999999,S
160,4.6643,0.45156,0,0.5088,0.9601,S
161,2.3126,0.43806999999999996,0,0.3812,0.89439,S
162,3.3625,0.43372,0,0.5032,0.5908899999999999,S
163,4.8305,0.47105,0,0.4712,0.37688,S
165,4.236000000000001,0.5364399999999999,0,0.3404,0.46916,S
166,4.4651,0.42521000000000003,0,0.6036,0.80192,S
167,2.9106,0.40004,0,0.5724,0.31386,S
171,2.4113,0.43671000000000004,0,0.4008,0.76125,S
172,2.3622,0.54004,0,0.2136,0.94647,S
173,3.7951,0.64731,0,0.1619,0.9286700000000001,S
174,2.5408,0.48006000000000004,0,0.3336,0.93775,S
178,4.9129,0.53418,0,0.3608,0.86187,S
179,3.259,0.34252,0,1.0,0.0,NS
181,2.1282,0.36517,0,0.5548,0.35108,S
182,4.603,0.33566999999999997,0,1.0,0.0,NS
183,4.61,0.39952,0,1.0,0.0,NS
184,4.9718,0.33004,0,1.0,0.0,NS
185,3.9238,0.33387,0,1.0,0.0,NS
188,2.4109,0.37656,0,0.5820000000000001,0.67194,S
189,2.5613,0.35783000000000004,0,0.9520000000000001,0.017458,NS
190,4.9561,0.39854,0,1.0,0.0,NS
191,3.8101,0.3213,0,1.0,0.0,NS
192,4.3194,0.38293,0,1.0,0.0,NS
193,4.1553,0.30351,0,1.0,0.0,NS
195,4.684,0.31958000000000003,0,1.0,0.0,NS
196,2.0382,0.32652,0,1.0,0.0,NS
197,4.0065,0.6562399999999999,0,0.16383,0.71434,S
198,3.4339,0.6452,0,0.15143,0.68643,S
200,3.0987,0.64181,0,0.13867000000000002,0.84345,S
201,3.0082,0.6059,0,0.1824,0.9285399999999999,S
203,4.0054,0.68815,0,0.12514,0.49563999999999997,S
205,4.3197,0.68417,0,0.13792000000000001,0.93084,S
207,3.3712,0.65285,0,0.13777999999999999,0.81209,S
208,2.4598,0.61343,0,0.12258,0.72124,S
209,2.5725,0.62224,0,0.12324,0.98436,S
210,3.7368,0.6368,0,0.1804,0.68537,S
211,3.5706,0.64686,0,0.1584,0.91204,S
214,4.441,0.69524,0,0.12821,0.84173,S
215,4.9681,0.61458,0,0.2476,0.83357,S
216,4.5214,0.7056100000000001,0,0.12222000000000001,0.9689200000000001,S
220,2.1924,0.41063,0,0.43200000000000005,0.43022,S
221,3.162,0.44806999999999997,0,0.4468,0.8383700000000001,S
222,4.6352,0.53152,0,0.3516,0.8686799999999999,S
223,3.6381,0.48283999999999994,0,0.4,0.82724,S
224,3.5714,0.42886,0,0.5296,0.70743,S
225,4.5445,0.34368000000000004,0,1.0,0.0,NS
226,4.2479,0.39069,0,1.0,0.0,NS
227,3.2184,0.35364,0,1.0,0.0,NS
228,3.0608,0.65633,0,0.12571,0.23118000000000002,S
229,3.2974,0.6510699999999999,0,0.13230999999999998,0.96672,S
230,3.7677,0.45715,0,0.47200000000000003,0.70494,S
231,2.8596,0.62943,0,0.1325,0.98839,S
232,3.2114,0.52483,0,0.3104,0.96844,S
233,3.3387,0.5411,0,0.2944,0.9477200000000001,S
234,3.5138,0.48562,0,0.3964,0.49065,S
235,4.8341,0.48146000000000005,0,0.4488,0.8426899999999999,S
236,3.9995,0.5784600000000001,0,0.2688,0.8895,S
237,2.8505,0.47446000000000005,0,0.37,0.51942,S
239,3.2754,0.33183,0,1.0,0.0,NS
240,3.95,0.5345300000000001,0,0.3272,0.94427,S
241,2.2892,0.38140999999999997,0,0.5336,0.74954,S
244,4.6701,0.43688,0,0.564,0.59472,S
245,4.3861,0.46843999999999997,0,0.4644,0.7511800000000001,S
246,4.0947,0.51467,0,0.3672,0.78427,S
250,3.786,0.30133000000000004,0,1.0,0.0,NS
252,3.7542,0.48302,0,0.4112,0.83165,S
253,2.8338,0.59939,0,0.17292000000000002,0.9142399999999999,S
254,3.4429,0.5518,0,0.2808,0.96585,S
256,3.9175,0.42278000000000004,0,0.5756,0.62667,S
259,3.6444,0.5011800000000001,0,0.3736,0.85813,S
260,3.3347,0.45168,0,0.4436,0.93266,S
261,3.1921,0.66186,0,0.12580999999999998,0.9851200000000001,S
263,2.8811,0.5363899999999999,0,0.27,0.9713200000000001,S
264,3.9053,0.43017,0,0.5424,0.9648899999999999,S
266,2.6562,0.41298,0,0.4856,0.8378899999999999,S
268,4.0374,0.42446000000000006,0,0.5748,0.79319,S
269,3.1886,0.38595999999999997,0,0.9656,0.23137,NS
270,2.9936,0.409,0,0.5428,0.70206,S
271,2.4127,0.34057,0,1.0,0.0,NS
272,4.8301,0.69205,0,0.13289,0.94665,S
273,3.0753,0.43266000000000004,0,0.4756,0.7961600000000001,S
275,4.7316,0.37163,0,1.0,0.0,NS
276,3.7062,0.45323,0,0.4684,0.78254,S
277,4.2905,0.49076000000000003,0,0.42200000000000004,0.72019,S
279,2.1806,0.33159,0,1.0,0.0,NS
280,4.2447,0.64384,0,0.19399999999999998,0.90571,S
282,3.9278,0.68003,0,0.12837,0.8756799999999999,S
283,4.698,0.67047,0,0.1724,0.9266200000000001,S
284,3.6577,0.63554,0,0.18,0.9804299999999999,S
285,4.511,0.62597,0,0.2228,0.9265200000000001,S
286,3.0044,0.62664,0,0.1524,0.94868,S
287,3.5989,0.6486,0,0.16,0.9812,S
288,3.8345,0.66661,0,0.14304,0.95952,S
289,2.4598,0.61343,0,0.12258,0.72124,S
290,2.5725,0.62224,0,0.12324,0.98436,S
291,3.7368,0.6368,0,0.1804,0.68537,S
292,3.5706,0.64686,0,0.1584,0.91204,S
295,4.441,0.69524,0,0.12821,0.84173,S
296,4.9681,0.61458,0,0.2476,0.83357,S
297,4.9174,0.5350600000000001,0,0.3572,0.37736,S
298,2.3675,0.48018,0,0.316,0.27165,S
299,4.1238,0.55994,0,0.2948,0.9441700000000001,S
300,4.2919,0.44393,0,0.524,0.8094,S
302,2.887,0.44837,0,0.4296,0.9263299999999999,S
304,4.2178,0.45911,0,0.4808,0.91779,S
305,2.3014,0.44183999999999996,0,0.376,0.7531899999999999,S
306,3.8035,0.46825,0,0.444,0.69314,S
307,2.0272,0.39437,0,0.4348,0.74427,S
308,3.7153,0.58982,0,0.2412,0.85688,S
309,2.4085,0.30598000000000003,0,1.0,0.0,NS
310,3.0046,0.32272,0,1.0,0.0,NS
311,2.2149,0.31134,0,1.0,0.0,NS
312,4.6160000000000005,0.34819,0,1.0,0.0,NS
313,3.9418,0.42983000000000005,0,0.5539999999999999,0.86839,S
314,2.3512,0.5314,0,0.23101999999999998,0.8013399999999999,S
316,2.9666,0.5322399999999999,0,0.2816,0.9798600000000001,S
317,4.4706,0.48728999999999995,0,0.43200000000000005,0.6421100000000001,S
318,3.0758,0.53991,0,0.282,0.77285,S
319,4.4995,0.50429,0,0.4004,0.88892,S
320,2.7811,0.44692,0,0.4232,0.9553,S
321,3.5065,0.42658,0,0.5352,0.30859000000000003,S
322,4.1873,0.35038,0,1.0,0.0,NS
324,4.2624,0.41357,0,0.7088,0.41678999999999994,S
326,4.5458,0.44235,0,0.5356,0.66993,S
327,2.363,0.38297,0,0.5408,0.8657100000000001,S
328,4.4256,0.36478,0,1.0,0.0,NS
329,2.6719,0.44478999999999996,0,0.4136,0.53976,S
331,4.2497,0.42828,0,0.5748,0.8588,S
332,4.4257,0.30782,0,1.0,0.0,NS
333,3.9026,0.35964,0,1.0,0.0,NS
335,2.3587,0.5160899999999999,0,0.2552,0.7035,S
337,4.0313,0.53156,0,0.3408,0.96873,S
339,3.2529,0.4141,0,0.556,0.73851,S
340,4.117,0.30146999999999996,0,1.0,0.0,NS
341,2.6192,0.31244,0,1.0,0.0,NS
343,4.2599,0.37574,0,1.0,0.0,NS
344,4.3313,0.33624,0,1.0,0.0,NS
346,3.7157,0.49194,0,0.3932,0.97477,S
347,3.7555,0.33636,0,1.0,0.0,NS
348,2.7879,0.5334300000000001,0,0.2672,0.9548200000000001,S
349,4.3194,0.30411,0,1.0,0.0,NS
350,2.7382,0.311,0,1.0,0.0,NS
351,4.8957,0.5984,0,0.266,0.9581799999999999,S
352,3.2231,0.5430699999999999,0,0.2832,0.8754,S
356,4.4598,0.61346,0,0.23800000000000002,0.8615799999999999,S
357,4.5593,0.6028,0,0.2548,0.40317,S
359,4.1079,0.62458,0,0.2104,0.83885,S
360,4.283,0.6411399999999999,0,0.1988,0.8315600000000001,S
361,4.7188,0.66633,0,0.1756,0.96249,S
362,3.0858,0.63353,0,0.14917,0.75376,S
364,2.6919,0.36628,0,0.9948,0.038849,NS
365,3.5099,0.31401,0,1.0,0.0,NS
366,4.6162,0.44167,0,0.5424,0.89305,S
367,2.3927,0.31654,0,1.0,0.0,NS
368,3.2653,0.50953,0,0.3356,0.86964,S
369,4.5409,0.36864,0,1.0,0.0,NS
370,2.3404,0.48688000000000003,0,0.3016,0.97065,S
372,4.0374,0.35867,0,1.0,0.0,NS
373,2.0072,0.49206000000000005,0,0.2376,0.50149,S
374,3.5659,0.34207,0,1.0,0.0,NS
379,3.4846,0.42943000000000003,0,0.5184,0.63655,S
380,3.0796,0.47131999999999996,0,0.4012,0.46245,S
381,3.266,0.33294,0,1.0,0.0,NS
382,3.1375,0.5111,0,0.3328,0.6846,S
383,2.197,0.46421999999999997,0,0.3244,0.7166399999999999,S
384,4.9892,0.41863,0,0.8312,0.64058,S
385,4.8464,0.36796999999999996,0,1.0,0.0,NS
386,2.5012,0.33697,0,1.0,0.0,NS
387,4.064,0.47839,0,0.4368,0.93535,S
388,4.7958,0.46771999999999997,0,0.4816,0.8285899999999999,S
389,2.3431,0.5081,0,0.2664,0.85516,S
390,3.8301,0.48118999999999995,0,0.4196,0.873,S
391,2.7244,0.40593,0,0.5184,0.8559200000000001,S
392,3.5018,0.5382600000000001,0,0.3032,0.8700200000000001,S
393,4.2264,0.31921,0,1.0,0.0,NS
394,4.0048,0.46221999999999996,0,0.4608,0.37496,S
395,2.0921,0.33225,0,1.0,0.0,NS
396,4.5066,0.40905,0,0.9956,0.013429,NS
397,2.889,0.59964,0,0.1728,0.9837899999999999,S
398,4.8066,0.41167,0,0.988,0.06628300000000001,NS
399,4.2284,0.52499,0,0.3544,0.96921,S
400,2.9316,0.34565999999999997,0,1.0,0.0,NS
401,2.2932,0.36561,0,0.6268,0.41276,S
402,2.6519999999999997,0.5353899999999999,0,0.256,0.95031,S
403,2.3236,0.51269,0,0.2588,0.8578399999999999,S
404,3.8222,0.44927,0,0.4816,0.73429,S
405,4.1559,0.56288,0,0.2984,0.9017700000000001,S
406,4.601,0.42178000000000004,0,0.6872,0.45535,S
408,2.7349,0.43823999999999996,0,0.4352,0.39252,S
409,3.3539999999999996,0.32495,0,1.0,0.0,NS
410,2.988,0.39793,0,0.6016,0.77199,S
411,3.0803,0.38861,0,0.8884,0.58341,S
412,4.2946,0.40664,0,0.8872,0.15789,S
414,4.5424,0.39959,0,1.0,0.0,NS
415,2.4844,0.48603,0,0.3212,0.8893,S
416,2.8174,0.39299,0,0.5824,0.9382299999999999,S
417,3.2310000000000003,0.47363999999999995,0,0.40399999999999997,0.66177,S
418,2.5135,0.45992,0,0.3724,0.36787,S
419,3.7232,0.55096,0,0.3,0.75031,S
420,4.1049,0.53175,0,0.3408,0.95588,S
422,4.1408,0.49391,0,0.402,0.30916,S
423,3.4897,0.39729000000000003,0,1.0,0.0,NS
425,3.4797,0.48431,0,0.396,0.9693,S
426,2.0533,0.5624100000000001,0,0.13463,0.98721,S
428,4.5972,0.38437,0,1.0,0.0,NS
429,3.2433,0.31717,0,1.0,0.0,NS
431,3.4649,0.40317,0,0.6592,0.66245,S
432,3.5363,0.32253000000000004,0,1.0,0.0,NS
433,4.7421,0.44873999999999997,0,0.5248,0.33065,S
434,4.5634,0.31235,0,1.0,0.0,NS
437,2.7796,0.62215,0,0.13826,0.89199,S
439,4.2879,0.62065,0,0.2224,0.97209,S
442,4.8559,0.6697,0,0.174,0.71904,S
443,4.6011,0.6416,0,0.20449,0.88812,S
444,2.4108,0.60605,0,0.12809,0.98513,S
445,3.2828,0.62944,0,0.16776,0.8405799999999999,S
447,3.312,0.62511,0,0.1752,0.9805299999999999,S
448,2.5397,0.6240100000000001,0,0.12,0.71041,S
449,2.8015,0.63234,0,0.1332,0.9788,S
450,3.267,0.64909,0,0.13959000000000002,0.9196200000000001,S
452,3.4167,0.67306,0,0.12097999999999999,0.97141,S
453,2.6177,0.62657,0,0.12417,0.9718899999999999,S
454,3.0675,0.64527,0,0.13673,0.9439799999999999,S
455,3.0231,0.63241,0,0.1468,0.83885,S
456,4.7322,0.40474,0,1.0,0.0,NS
457,2.7491,0.47871,0,0.3528,0.84086,S
458,2.6817,0.50656,0,0.3092,0.6964,S
459,4.8616,0.57799,0,0.2908,0.96604,S
461,4.2633,0.52503,0,0.3624,0.6281100000000001,S
462,4.5679,0.55793,0,0.3152,0.61564,S
463,2.3058,0.5171,0,0.2448,0.7624,S
464,3.7683,0.30949,0,1.0,0.0,NS
465,2.9389999999999996,0.5460699999999999,0,0.2596,0.9273899999999999,S
466,2.7769999999999997,0.56262,0,0.22653,0.88039,S
467,3.9541,0.43293999999999994,0,0.54,0.41496000000000005,S
468,3.2719,0.3698,0,1.0,0.0,NS
469,4.2228,0.36419,0,1.0,0.0,NS
471,2.5591,0.56609,0,0.19714,0.88221,S
473,3.7932,0.31964000000000004,0,1.0,0.0,NS
474,3.8811,0.52384,0,0.3488,0.93055,S
477,4.0131,0.41341000000000006,0,0.6524,0.3576,S
478,2.2991,0.46498,0,0.3356,0.90264,S
479,3.9639,0.40091,0,0.9268,0.21573,NS
480,2.0215,0.42958999999999997,0,0.3564,0.86974,S
483,3.4074,0.31128,0,1.0,0.0,NS
484,3.1208,0.59419,0,0.2028,0.96288,S
485,3.1938,0.47728000000000004,0,0.3912,0.90302,S
486,4.9303,0.37790999999999997,0,1.0,0.0,NS
487,4.2328,0.48172,0,0.4312,0.45132,S
489,4.9393,0.33768000000000004,0,1.0,0.0,NS
490,2.9324,0.38299999999999995,0,0.91,0.26753000000000005,NS
491,4.8666,0.40988,0,1.0,0.0,NS
493,4.1402,0.42501000000000005,0,0.614,0.57343,S
494,3.0779,0.34162,0,1.0,0.0,NS
495,2.0965,0.3774,0,0.5004,0.9444600000000001,S
496,2.2838,0.49609,0,0.2764,0.95683,S
497,4.9389,0.31519,0,1.0,0.0,NS
498,3.0339,0.39505999999999997,0,0.6168,0.62341,S
499,3.3533,0.33834000000000003,0,1.0,0.0,NS
500,3.0717,0.5872,0,0.21143,0.8784700000000001,S
502,4.3974,0.34287,0,1.0,0.0,NS
503,4.8406,0.33948,0,1.0,0.0,NS
504,2.7615,0.58986,0,0.182,0.97564,S
505,3.9692,0.43788999999999995,0,0.5244,0.94676,S
506,4.3963,0.48243,0,0.4388,0.39223,S
508,4.3046,0.35762,0,1.0,0.0,NS
509,4.8679,0.39718000000000003,0,1.0,0.0,NS
510,2.5782,0.47494,0,0.3468,0.94129,S
511,3.1941,0.51986,0,0.32,0.88854,S
512,3.3174,0.31929,0,1.0,0.0,NS
514,2.6014,0.48294,0,0.3408,0.43261000000000005,S
516,3.8206,0.39205,0,0.8652,0.73468,S
518,3.0336,0.58182,0,0.2116,0.6641699999999999,S
519,4.6712,0.37261,0,1.0,0.0,NS
520,2.2271,0.40425,0,0.45,0.84585,S
521,3.4848,0.5985699999999999,0,0.21755,0.7582300000000001,S
522,4.106,0.49349,0,0.4024,0.7467600000000001,S
523,4.0435,0.30684,0,1.0,0.0,NS
524,3.2321,0.57902,0,0.2332,0.90436,S
525,2.3659,0.48123,0,0.314,0.9841700000000001,S
527,3.0262,0.38822,0,0.7676,0.3295,S
528,3.1434,0.5953,0,0.204,0.9671,S
529,3.7572,0.42868999999999996,0,0.542,0.88077,S
530,3.6622,0.34947,0,1.0,0.0,NS
531,4.0144,0.30962,0,1.0,0.0,NS
532,3.2737,0.32439,0,1.0,0.0,NS
534,2.0523,0.42895,0,0.3648,0.51799,S
535,4.581,0.46905,0,0.4696,0.58782,S
536,3.9428,0.5816,0,0.26,0.88221,S
539,2.2032,0.32114000000000004,0,1.0,0.0,NS
540,3.6248,0.55072,0,0.2936,0.8557299999999999,S
541,2.9208,0.44735,0,0.436,0.5280600000000001,S
542,3.3031,0.57024,0,0.2476,0.93295,S
543,2.8428,0.51779,0,0.2984,0.93324,S
544,4.5776,0.56789,0,0.2996,0.96767,S
545,3.5810000000000004,0.48654,0,0.3936,0.96815,S
548,2.6947,0.35136999999999996,0,1.0,0.0,NS
552,2.0757,0.52099,0,0.20122,0.8729,S
553,2.5628,0.569,0,0.1916,0.8025899999999999,S
554,4.3872,0.36204000000000003,0,1.0,0.0,NS
555,3.5983,0.36901,0,1.0,0.0,NS
556,3.7208,0.51727,0,0.3476,0.72902,S
558,3.2753,0.45811,0,0.44,0.68835,S
559,4.5561,0.39466,0,1.0,0.0,NS
560,3.2449,0.45553,0,0.4376,0.70763,S
561,2.815,0.46433,0,0.386,0.71444,S
564,2.1369,0.34217,0,0.8828,0.30667,S
565,4.4872,0.54414,0,0.3336,0.33899,S
566,3.4579,0.47421,0,0.414,0.39252,S
567,3.5016,0.42826000000000003,0,0.5228,0.72441,S
569,2.3986,0.4635,0,0.3432,0.48115,S
570,2.9941,0.53103,0,0.2868,0.97957,S
571,2.7769,0.58867,0,0.184,0.9796600000000001,S
572,3.7235,0.44326000000000004,0,0.4968,0.79338,S
573,4.6639,0.30955,0,1.0,0.0,NS
574,4.4711,0.56014,0,0.3108,0.96067,S
577,2.3439,0.30514,0,1.0,0.0,NS
578,2.0224,0.52028,0,0.1932,0.96499,S
579,4.048,0.41793,0,0.6776,0.58532,S
580,4.7045,0.58181,0,0.2848,0.9073399999999999,S
581,3.3352,0.55312,0,0.2764,0.93065,S
582,2.5747,0.48413999999999996,0,0.3288,0.927,S
584,2.4871,0.30611,0,1.0,0.0,NS
586,4.7757,0.48085,0,0.4496,0.9601,S
588,4.2446,0.55437,0,0.31,0.67156,S
590,4.2073,0.49685,0,0.4016,0.89381,S
591,3.2110000000000003,0.35611,0,1.0,0.0,NS
597,3.9556,0.46055,0,0.46399999999999997,0.94647,S
601,3.5049,0.35925,0,1.0,0.0,NS
602,3.1981,0.5236,0,0.314,0.79472,S
603,4.3157,0.35058,0,1.0,0.0,NS
604,3.9201,0.43441,0,0.53,0.2964,S
605,4.7351,0.5505899999999999,0,0.32799999999999996,0.93266,S
606,3.2737,0.5928100000000001,0,0.21,0.95031,S
607,3.4924,0.44191,0,0.4904,0.5829300000000001,S
608,4.2789,0.56208,0,0.29600000000000004,0.83319,S
610,3.3129,0.38106,0,1.0,0.0,NS
611,3.3466,0.4707,0,0.4124,0.82139,S
613,2.9083,0.45466999999999996,0,0.4164,0.42733999999999994,S
614,3.0733,0.34586999999999996,0,1.0,0.0,NS
615,3.2476,0.39178,0,0.9516,0.058417,NS
616,2.1701,0.43696,0,0.3672,0.95568,S
617,3.7161,0.38405,0,1.0,0.0,NS
618,2.6495,0.40557,0,0.524,0.3742,S
619,3.8809,0.43346,0,0.5336,0.52441,S
620,4.7684,0.46458999999999995,0,0.4836,0.8823,S
621,3.8304,0.44238,0,0.5128,0.54388,S
622,2.1094,0.48403,0,0.2776,0.8300200000000001,S
623,2.2849,0.59138,0,0.13172,0.7689699999999999,S
624,2.4835,0.38322,0,0.5660000000000001,0.96796,S
625,3.3495,0.34153,0,1.0,0.0,NS
626,4.236000000000001,0.4417,0,0.5348,0.8214899999999999,S
628,3.9587,0.38151,0,1.0,0.0,NS
629,4.9089,0.39544,0,1.0,0.0,NS
630,4.3155,0.34065,0,1.0,0.0,NS
631,3.6148,0.37885,0,1.0,0.0,NS
632,2.3071,0.51578,0,0.248,0.8212,S
633,2.0777,0.41236999999999996,0,0.40399999999999997,0.9650799999999999,S
634,3.34,0.537,0,0.3004,0.8154399999999999,S
635,3.4885,0.51952,0,0.3308,0.9408200000000001,S
637,2.992,0.31515,0,1.0,0.0,NS
638,2.9766,0.4067,0,0.5408,0.6844100000000001,S
639,3.5748,0.37449,0,1.0,0.0,NS
642,3.9365,0.39259,0,1.0,0.0,NS
643,2.8355,0.53191,0,0.27,0.96365,S
644,2.8394,0.40919,0,0.524,0.41218,S
645,3.5448,0.4199,0,0.5579999999999999,0.7342,S
646,2.8812,0.57999,0,0.20800000000000002,0.98408,S
648,3.411,0.39185,0,0.9888,0.0,NS
649,2.0215,0.38893,0,0.45399999999999996,0.9121299999999999,S
650,3.7386,0.31781,0,1.0,0.0,NS
651,3.2425,0.54208,0,0.2904,0.92211,S
654,4.8178,0.5081,0,0.402,0.87405,S
656,3.9061,0.49848000000000003,0,0.3848,0.9645100000000001,S
657,2.8536,0.55228,0,0.2484,0.9343899999999999,S
658,3.4735,0.36006,0,1.0,0.0,NS
659,3.4144,0.49381,0,0.3688,0.82034,S
660,4.0287,0.45824,0,0.4812,0.6855600000000001,S
661,3.1695,0.33438,0,1.0,0.0,NS
662,3.4462,0.30718,0,1.0,0.0,NS
663,2.6276,0.30241,0,1.0,0.0,NS
664,3.3612,0.54115,0,0.2944,0.42954,S
665,4.3496,0.56318,0,0.3016,0.9623,S
666,3.6818,0.30396,0,1.0,0.0,NS
667,2.0846,0.52423,0,0.19792,0.85729,S
669,2.5053,0.35304,0,1.0,0.0,NS
670,3.7958,0.42793000000000003,0,0.5564,0.37305,S
671,2.7946,0.39804,0,0.5508,0.75866,S
672,4.9081,0.51474,0,0.3892,0.8893,S
673,3.3443,0.5081399999999999,0,0.34600000000000003,0.70782,S
674,2.1591,0.56921,0,0.14695999999999998,0.93785,S
675,4.223,0.36357,0,1.0,0.0,NS
676,2.0112,0.31055,0,1.0,0.0,NS
677,2.0962,0.43761000000000005,0,0.3568,0.8426899999999999,S
679,2.3176,0.36628,0,0.6564,0.79588,S
680,2.2002,0.42326,0,0.4004,0.66676,S
682,2.9682,0.57125,0,0.2272,0.9452299999999999,S
683,2.9738,0.37696999999999997,0,0.99,0.030312000000000002,NS
684,2.96,0.54664,0,0.2684,0.75242,S
685,3.9042,0.47594,0,0.4352,0.4917,S
686,2.1590000000000003,0.44709,0,0.3428,0.8865200000000001,S
689,4.0094,0.31101999999999996,0,1.0,0.0,NS
690,2.5004,0.33529000000000003,0,1.0,0.0,NS
691,2.529,0.5344,0,0.2496,0.9664299999999999,S
692,3.1646,0.51939,0,0.3196,0.9647,S
693,2.8609,0.35083000000000003,0,1.0,0.0,NS
694,3.2219,0.6925899999999999,0,0.08,0.36729,S
695,3.3799,0.67251,0,0.12,0.8262799999999999,S
696,3.3467,0.66901,0,0.1212,0.29746,S
697,3.4551,0.67637,0,0.12,0.32249,S
698,3.4268,0.6786399999999999,0,0.1152,0.63952,S
699,3.0795,0.66818,0,0.102,0.4871,S
700,2.4269,0.67489,0,0.0292,0.29659,S
701,2.4218,0.66708,0,0.04,0.9213399999999999,S
702,2.5788,0.65381,0,0.08,0.4001,S
703,2.1747,0.66814,0,0.02,0.54667,S
704,2.5289,0.67543,0,0.0404,0.58811,S
705,2.5443,0.69038,0,0.02,0.49928,S
706,2.8128,0.60115,0,0.18,0.55223,S
707,2.1049,0.6571100000000001,0,0.02,0.94168,S
708,2.1028,0.64977,0,0.02,0.8386600000000001,S
709,2.1132,0.61969,0,0.06,0.34647,S
710,3.24,0.65647,0,0.1308,0.8559200000000001,S
711,2.9338,0.65327,0,0.12,0.9322799999999999,S
712,2.4463,0.67565,0,0.0336,0.8546799999999999,S
713,2.8891,0.6594,0,0.1,0.51357,S
714,2.9337,0.67115,0,0.0844,0.57544,S
715,2.6534,0.69125,0,0.0348,0.72345,S
716,2.9725,0.67145,0,0.092,0.66619,S
717,2.5139,0.67579,0,0.04,0.69055,S
718,3.24,0.65647,0,0.1308,0.8559200000000001,S
719,2.9338,0.65327,0,0.12,0.9322799999999999,S
